1624147200,superstonk,60889,461674
1624147200,gme,9531,314264
1624147200,wallstreetbets,56739,10556847
1624147200,movies,22185,25316150
1624147200,askreddit,106838,32660458
1624147200,sports,4821,18843730
1624147215,superstonk,60889,461674
1624147215,gme,9531,314265
1624147215,wallstreetbets,56739,10556846
1624147215,movies,22185,25316152
1624147215,askreddit,106838,32660463
1624147215,sports,4821,18843731
1624147230,superstonk,60889,461674
1624147230,gme,9531,314264
1624147230,wallstreetbets,56739,10556846
1624147230,movies,22185,25316155
1624147230,askreddit,106838,32660461
1624147230,sports,4821,18843731
1624147245,superstonk,60889,461675
1624147245,gme,8984,314264
1624147245,wallstreetbets,56739,10556846
1624147245,movies,22185,25316156
1624147245,askreddit,106838,32660464
1624147245,sports,5051,18843731
1624147260,superstonk,60889,461675
1624147260,gme,8984,314264
1624147260,wallstreetbets,56739,10556846
1624147260,movies,22185,25316156
1624147260,askreddit,106838,32660464
1624147260,sports,5051,18843731
1624147275,superstonk,60889,461676
1624147275,gme,8984,314264
1624147275,wallstreetbets,56739,10556847
1624147275,movies,22185,25316156
1624147275,askreddit,106838,32660466
1624147275,sports,5051,18843731
1624147290,superstonk,59449,461677
1624147290,gme,8862,314265
1624147290,wallstreetbets,56739,10556849
1624147290,movies,22185,25316156
1624147290,askreddit,106838,32660471
1624147291,sports,5051,18843730
1624147305,superstonk,59449,461677
1624147305,gme,8862,314264
1624147305,wallstreetbets,56739,10556849
1624147305,movies,22185,25316155
1624147305,askreddit,106838,32660473
1624147305,sports,5051,18843730
1624147320,superstonk,59449,461677
1624147320,gme,8862,314264
1624147320,wallstreetbets,56739,10556848
1624147320,movies,22185,25316155
1624147320,askreddit,106838,32660474
1624147320,sports,5051,18843733
1624147335,superstonk,59449,461677
1624147335,gme,8862,314264
1624147335,wallstreetbets,56739,10556850
1624147335,movies,22185,25316160
1624147335,askreddit,106838,32660474
1624147335,sports,5051,18843733
1624147350,superstonk,59449,461677
1624147350,gme,8813,314264
1624147350,wallstreetbets,56739,10556850
1624147350,movies,22185,25316160
1624147350,askreddit,106838,32660475
1624147350,sports,5051,18843733
1624147365,superstonk,59449,461677
1624147365,gme,8813,314265
1624147365,wallstreetbets,56739,10556849
1624147365,movies,22185,25316163
1624147365,askreddit,106838,32660477
1624147365,sports,5051,18843733
1624147380,superstonk,59449,461678
1624147380,gme,8813,314265
1624147380,wallstreetbets,56739,10556850
1624147380,movies,22185,25316164
1624147380,askreddit,106838,32660476
1624147380,sports,5051,18843733
1624147395,superstonk,59449,461678
1624147395,gme,8813,314265
1624147395,wallstreetbets,56739,10556850
1624147395,movies,22185,25316164
1624147395,askreddit,106838,32660483
1624147395,sports,5051,18843733
1624147410,superstonk,59449,461678
1624147410,gme,8813,314265
1624147410,wallstreetbets,56739,10556850
1624147410,movies,22185,25316165
1624147411,askreddit,108296,32660486
1624147411,sports,5051,18843734
1624147425,superstonk,59449,461678
1624147425,gme,8813,314265
1624147425,wallstreetbets,56739,10556850
1624147425,movies,22185,25316165
1624147425,askreddit,108296,32660484
1624147425,sports,5051,18843735
1624147440,superstonk,59449,461678
1624147440,gme,8813,314265
1624147440,wallstreetbets,56739,10556851
1624147440,movies,22185,25316166
1624147440,askreddit,108296,32660488
1624147440,sports,5051,18843735
1624147455,superstonk,59449,461678
1624147455,gme,8813,314265
1624147455,wallstreetbets,56739,10556856
1624147455,movies,22185,25316166
1624147455,askreddit,108296,32660487
1624147455,sports,5051,18843735
1624147470,superstonk,59449,461679
1624147470,gme,8813,314265
1624147470,wallstreetbets,56739,10556856
1624147470,movies,22185,25316166
1624147470,askreddit,108296,32660492
1624147470,sports,5051,18843735
1624147485,superstonk,59449,461680
1624147485,gme,8813,314265
1624147485,wallstreetbets,56739,10556857
1624147485,movies,22185,25316169
1624147485,askreddit,108296,32660494
1624147485,sports,5051,18843736
1624147500,superstonk,59449,461680
1624147500,gme,8813,314266
1624147500,wallstreetbets,56739,10556857
1624147500,movies,22185,25316169
1624147500,askreddit,108296,32660498
1624147500,sports,5051,18843737
1624147515,superstonk,59449,461680
1624147515,gme,8813,314266
1624147515,wallstreetbets,56739,10556863
1624147515,movies,22185,25316174
1624147515,askreddit,108296,32660501
1624147515,sports,5051,18843737
1624147530,superstonk,59449,461680
1624147530,gme,8813,314266
1624147530,wallstreetbets,56739,10556863
1624147530,movies,22185,25316174
1624147530,askreddit,108296,32660502
1624147530,sports,5051,18843737
1624147545,superstonk,59449,461681
1624147545,gme,8813,314266
1624147545,wallstreetbets,56739,10556864
1624147545,movies,22185,25316174
1624147545,askreddit,108296,32660504
1624147545,sports,5051,18843737
1624147560,superstonk,59449,461683
1624147560,gme,8813,314266
1624147560,wallstreetbets,56739,10556864
1624147560,movies,22185,25316174
1624147560,askreddit,108296,32660504
1624147560,sports,5051,18843740
1624147575,superstonk,59449,461684
1624147575,gme,8813,314266
1624147575,wallstreetbets,56739,10556863
1624147575,movies,22185,25316174
1624147575,askreddit,108296,32660507
1624147575,sports,5051,18843740
1624147590,superstonk,59449,461685
1624147590,gme,8813,314266
1624147590,wallstreetbets,56739,10556864
1624147590,movies,22185,25316175
1624147590,askreddit,108296,32660509
1624147590,sports,5051,18843740
1624147605,superstonk,59449,461686
1624147605,gme,8813,314266
1624147605,wallstreetbets,56739,10556864
1624147605,movies,22185,25316180
1624147605,askreddit,108296,32660510
1624147606,sports,5051,18843741
1624147620,superstonk,59449,461686
1624147620,gme,8813,314266
1624147620,wallstreetbets,56739,10556866
1624147620,movies,22185,25316180
1624147620,askreddit,108296,32660509
1624147620,sports,5051,18843740
1624147635,superstonk,59449,461687
1624147635,gme,8813,314266
1624147635,wallstreetbets,56739,10556867
1624147635,movies,22185,25316179
1624147635,askreddit,108296,32660508
1624147635,sports,5051,18843739
1624147650,superstonk,59449,461688
1624147650,gme,8813,314266
1624147650,wallstreetbets,56739,10556867
1624147650,movies,22185,25316179
1624147650,askreddit,108296,32660512
1624147650,sports,5051,18843741
1624147665,superstonk,59449,461688
1624147665,gme,8813,314266
1624147665,wallstreetbets,56739,10556870
1624147665,movies,22185,25316180
1624147665,askreddit,108296,32660515
1624147665,sports,5051,18843741
1624147680,superstonk,59449,461690
1624147680,gme,8813,314266
1624147680,wallstreetbets,56739,10556870
1624147680,movies,22185,25316181
1624147680,askreddit,108296,32660516
1624147681,sports,5051,18843741
1624147695,superstonk,59449,461691
1624147695,gme,8813,314266
1624147695,wallstreetbets,56739,10556870
1624147695,movies,22185,25316182
1624147695,askreddit,108296,32660517
1624147695,sports,5051,18843743
1624147710,superstonk,59449,461691
1624147710,gme,8813,314266
1624147710,wallstreetbets,56739,10556870
1624147710,movies,22185,25316182
1624147710,askreddit,108296,32660516
1624147711,sports,5051,18843742
1624147725,superstonk,59449,461692
1624147725,gme,8813,314266
1624147725,wallstreetbets,56739,10556871
1624147725,movies,21488,25316182
1624147725,askreddit,108296,32660516
1624147725,sports,5051,18843742
1624147740,superstonk,59449,461692
1624147740,gme,8813,314266
1624147740,wallstreetbets,56739,10556873
1624147740,movies,21488,25316182
1624147740,askreddit,108296,32660523
1624147741,sports,5051,18843744
1624147755,superstonk,59449,461692
1624147755,gme,8813,314266
1624147755,wallstreetbets,56739,10556874
1624147755,movies,21488,25316185
1624147755,askreddit,108296,32660522
1624147755,sports,5051,18843744
1624147770,superstonk,59449,461691
1624147770,gme,8813,314266
1624147770,wallstreetbets,56739,10556876
1624147770,movies,21488,25316185
1624147770,askreddit,108296,32660526
1624147770,sports,5051,18843744
1624147785,superstonk,59449,461692
1624147785,gme,8813,314266
1624147785,wallstreetbets,56739,10556877
1624147785,movies,21488,25316185
1624147785,askreddit,108296,32660527
1624147785,sports,5051,18843744
1624147800,superstonk,59449,461694
1624147800,gme,8813,314266
1624147800,wallstreetbets,56739,10556877
1624147800,movies,21488,25316185
1624147800,askreddit,108296,32660535
1624147800,sports,5051,18843746
1624147815,superstonk,59449,461694
1624147815,gme,8813,314266
1624147815,wallstreetbets,56739,10556876
1624147816,movies,21488,25316185
1624147816,askreddit,108296,32660537
1624147816,sports,5051,18843746
1624147830,superstonk,59449,461694
1624147830,gme,8813,314266
1624147830,wallstreetbets,56739,10556876
1624147830,movies,21488,25316185
1624147830,askreddit,108296,32660535
1624147830,sports,5051,18843746
1624147845,superstonk,59449,461694
1624147845,gme,8813,314266
1624147845,wallstreetbets,56739,10556878
1624147845,movies,21488,25316190
1624147845,askreddit,108296,32660540
1624147846,sports,5051,18843747
1624147860,superstonk,59449,461694
1624147860,gme,8813,314266
1624147860,wallstreetbets,56739,10556878
1624147860,movies,21488,25316190
1624147860,askreddit,108296,32660540
1624147860,sports,5051,18843746
1624147875,superstonk,59449,461695
1624147875,gme,8813,314266
1624147875,wallstreetbets,56739,10556875
1624147875,movies,21488,25316194
1624147875,askreddit,108296,32660550
1624147875,sports,5051,18843748
1624147890,superstonk,59449,461695
1624147890,gme,8813,314266
1624147890,wallstreetbets,56739,10556875
1624147890,movies,21488,25316194
1624147890,askreddit,108296,32660551
1624147890,sports,5051,18843749
1624147905,superstonk,59449,461695
1624147905,gme,8813,314266
1624147905,wallstreetbets,56739,10556876
1624147905,movies,21488,25316196
1624147905,askreddit,108296,32660554
1624147905,sports,5051,18843749
1624147920,superstonk,59449,461695
1624147920,gme,8813,314266
1624147920,wallstreetbets,56739,10556876
1624147920,movies,21488,25316196
1624147920,askreddit,108296,32660550
1624147920,sports,5051,18843750
1624147935,superstonk,59449,461695
1624147935,gme,8813,314266
1624147935,wallstreetbets,56739,10556876
1624147935,movies,21488,25316196
1624147935,askreddit,108296,32660556
1624147935,sports,5051,18843750
1624147950,superstonk,59449,461695
1624147950,gme,8813,314266
1624147950,wallstreetbets,56739,10556877
1624147950,movies,21488,25316195
1624147950,askreddit,108296,32660556
1624147950,sports,5051,18843751
1624147965,superstonk,59449,461695
1624147965,gme,8813,314266
1624147965,wallstreetbets,56739,10556878
1624147965,movies,21488,25316195
1624147965,askreddit,107792,32660558
1624147965,sports,5051,18843750
1624147980,superstonk,59449,461698
1624147980,gme,8813,314266
1624147980,wallstreetbets,56739,10556878
1624147980,movies,21488,25316195
1624147980,askreddit,107792,32660560
1624147980,sports,5051,18843751
1624147995,superstonk,59449,461699
1624147995,gme,8813,314266
1624147995,wallstreetbets,56739,10556879
1624147995,movies,21488,25316196
1624147995,askreddit,107792,32660560
1624147995,sports,5051,18843751
1624148010,superstonk,59449,461699
1624148010,gme,8813,314267
1624148010,wallstreetbets,56739,10556880
1624148010,movies,21488,25316196
1624148010,askreddit,107792,32660560
1624148011,sports,5051,18843751
1624148025,superstonk,59449,461699
1624148025,gme,8813,314267
1624148025,wallstreetbets,56739,10556882
1624148025,movies,21488,25316197
1624148025,askreddit,107792,32660564
1624148026,sports,5051,18843750
1624148040,superstonk,59449,461699
1624148040,gme,8813,314267
1624148040,wallstreetbets,56739,10556883
1624148040,movies,21488,25316197
1624148040,askreddit,107792,32660564
1624148041,sports,5051,18843750
1624148055,superstonk,59449,461700
1624148055,gme,8813,314267
1624148055,wallstreetbets,56739,10556883
1624148055,movies,21488,25316199
1624148055,askreddit,107792,32660562
1624148055,sports,5051,18843751
1624148070,superstonk,59449,461699
1624148070,gme,8813,314267
1624148070,wallstreetbets,56739,10556883
1624148070,movies,21488,25316197
1624148070,askreddit,107792,32660565
1624148070,sports,5051,18843751
1624148085,superstonk,59449,461699
1624148085,gme,8813,314267
1624148085,wallstreetbets,56739,10556882
1624148085,movies,21488,25316197
1624148085,askreddit,107792,32660565
1624148085,sports,5051,18843751
1624148100,superstonk,59449,461699
1624148100,gme,8813,314268
1624148100,wallstreetbets,56739,10556882
1624148100,movies,21488,25316198
1624148100,askreddit,107792,32660568
1624148100,sports,5051,18843750
1624148115,superstonk,59449,461699
1624148115,gme,8813,314268
1624148115,wallstreetbets,56739,10556883
1624148115,movies,21488,25316198
1624148115,askreddit,107792,32660570
1624148115,sports,5051,18843750
1624148130,superstonk,59449,461699
1624148130,gme,8813,314269
1624148130,wallstreetbets,56739,10556883
1624148130,movies,21488,25316199
1624148130,askreddit,107792,32660574
1624148130,sports,5051,18843750
1624148145,superstonk,59449,461699
1624148145,gme,8813,314269
1624148145,wallstreetbets,56739,10556885
1624148145,movies,21488,25316201
1624148145,askreddit,107792,32660577
1624148145,sports,5051,18843750
1624148160,superstonk,59449,461699
1624148160,gme,8813,314269
1624148160,wallstreetbets,56739,10556885
1624148160,movies,21488,25316201
1624148160,askreddit,107792,32660577
1624148160,sports,5051,18843752
1624148175,superstonk,59449,461700
1624148175,gme,8813,314269
1624148175,wallstreetbets,56739,10556887
1624148175,movies,21488,25316203
1624148175,askreddit,107792,32660576
1624148176,sports,5051,18843751
1624148190,superstonk,59449,461700
1624148190,gme,8813,314269
1624148190,wallstreetbets,56739,10556888
1624148190,movies,21488,25316202
1624148190,askreddit,107792,32660578
1624148190,sports,5051,18843750
1624148205,superstonk,59449,461700
1624148205,gme,8813,314269
1624148205,wallstreetbets,56739,10556888
1624148205,movies,21488,25316205
1624148205,askreddit,107792,32660583
1624148205,sports,5051,18843750
1624148220,superstonk,59449,461701
1624148220,gme,8813,314269
1624148220,wallstreetbets,56739,10556890
1624148220,movies,21488,25316205
1624148220,askreddit,107792,32660590
1624148220,sports,5051,18843750
1624148235,superstonk,59449,461701
1624148235,gme,8813,314269
1624148235,wallstreetbets,56739,10556890
1624148235,movies,21488,25316205
1624148235,askreddit,107792,32660590
1624148235,sports,5051,18843750
1624148250,superstonk,59449,461704
1624148250,gme,8813,314269
1624148250,wallstreetbets,56739,10556889
1624148250,movies,21488,25316204
1624148250,askreddit,107792,32660593
1624148250,sports,5051,18843749
1624148265,superstonk,59449,461704
1624148265,gme,8813,314269
1624148265,wallstreetbets,56739,10556891
1624148265,movies,21488,25316202
1624148265,askreddit,107792,32660595
1624148265,sports,5051,18843750
1624148280,superstonk,59449,461706
1624148280,gme,8813,314269
1624148280,wallstreetbets,56739,10556890
1624148280,movies,21488,25316202
1624148280,askreddit,107792,32660595
1624148280,sports,5051,18843749
1624148295,superstonk,59449,461708
1624148295,gme,8813,314269
1624148295,wallstreetbets,56739,10556887
1624148295,movies,21488,25316204
1624148295,askreddit,107792,32660595
1624148295,sports,5051,18843751
1624148310,superstonk,59449,461708
1624148310,gme,8813,314270
1624148310,wallstreetbets,56739,10556888
1624148310,movies,21488,25316208
1624148310,askreddit,107792,32660600
1624148310,sports,5051,18843752
1624148325,superstonk,59449,461709
1624148325,gme,8813,314270
1624148325,wallstreetbets,56739,10556888
1624148325,movies,21488,25316205
1624148325,askreddit,107792,32660601
1624148325,sports,5051,18843754
1624148340,superstonk,59449,461710
1624148340,gme,8813,314270
1624148340,wallstreetbets,56739,10556888
1624148340,movies,21488,25316209
1624148340,askreddit,107792,32660601
1624148340,sports,5051,18843754
1624148355,superstonk,59449,461710
1624148355,gme,8813,314270
1624148355,wallstreetbets,56739,10556888
1624148355,movies,21488,25316210
1624148355,askreddit,107792,32660604
1624148355,sports,5051,18843754
1624148370,superstonk,59449,461710
1624148370,gme,8813,314270
1624148370,wallstreetbets,56739,10556890
1624148370,movies,21488,25316210
1624148370,askreddit,107792,32660603
1624148370,sports,5051,18843754
1624148385,superstonk,59449,461712
1624148385,gme,8813,314270
1624148385,wallstreetbets,56739,10556890
1624148385,movies,21488,25316211
1624148385,askreddit,107792,32660606
1624148386,sports,5051,18843756
1624148400,superstonk,59449,461712
1624148400,gme,8813,314270
1624148400,wallstreetbets,56739,10556891
1624148400,movies,21488,25316211
1624148400,askreddit,107792,32660605
1624148401,sports,5051,18843757
1624148415,superstonk,59449,461712
1624148415,gme,8813,314270
1624148415,wallstreetbets,56739,10556891
1624148415,movies,21488,25316215
1624148415,askreddit,107792,32660606
1624148415,sports,5051,18843758
1624148430,superstonk,59449,461712
1624148430,gme,8813,314270
1624148430,wallstreetbets,56739,10556891
1624148430,movies,21488,25316216
1624148430,askreddit,107792,32660606
1624148430,sports,5051,18843760
1624148445,superstonk,59449,461712
1624148445,gme,8813,314271
1624148445,wallstreetbets,56739,10556892
1624148445,movies,21488,25316216
1624148445,askreddit,107792,32660607
1624148446,sports,5051,18843760
1624148460,superstonk,59449,461713
1624148460,gme,8813,314271
1624148460,wallstreetbets,56739,10556892
1624148460,movies,21488,25316217
1624148460,askreddit,107792,32660607
1624148460,sports,5051,18843760
1624148475,superstonk,59449,461713
1624148475,gme,8813,314271
1624148475,wallstreetbets,56739,10556897
1624148475,movies,21488,25316217
1624148475,askreddit,107792,32660607
1624148475,sports,5051,18843760
1624148490,superstonk,59449,461713
1624148490,gme,8813,314271
1624148490,wallstreetbets,56739,10556893
1624148490,movies,21488,25316218
1624148490,askreddit,107792,32660607
1624148490,sports,5330,18843760
1624148505,superstonk,59449,461715
1624148505,gme,8813,314271
1624148505,wallstreetbets,56739,10556900
1624148505,movies,21488,25316219
1624148505,askreddit,107792,32660613
1624148505,sports,5330,18843760
1624148520,superstonk,59449,461715
1624148520,gme,8813,314271
1624148520,wallstreetbets,56739,10556899
1624148520,movies,21488,25316219
1624148520,askreddit,107792,32660612
1624148521,sports,5330,18843760
1624148535,superstonk,59449,461715
1624148535,gme,8813,314271
1624148535,wallstreetbets,56739,10556899
1624148535,movies,21488,25316217
1624148535,askreddit,107792,32660614
1624148535,sports,5330,18843760
1624148550,superstonk,59449,461715
1624148550,gme,8813,314271
1624148550,wallstreetbets,56739,10556899
1624148550,movies,21488,25316219
1624148550,askreddit,107792,32660614
1624148550,sports,5330,18843763
1624148565,superstonk,59449,461715
1624148565,gme,8813,314271
1624148565,wallstreetbets,56739,10556902
1624148565,movies,21488,25316219
1624148565,askreddit,107792,32660620
1624148565,sports,5330,18843763
1624148580,superstonk,59449,461715
1624148580,gme,8813,314271
1624148580,wallstreetbets,56739,10556906
1624148580,movies,25271,25316219
1624148580,askreddit,107792,32660620
1624148580,sports,5330,18843763
1624148595,superstonk,59449,461715
1624148595,gme,8813,314272
1624148595,wallstreetbets,56739,10556906
1624148595,movies,25271,25316220
1624148595,askreddit,107792,32660624
1624148595,sports,5330,18843763
1624148610,superstonk,59449,461715
1624148610,gme,8813,314272
1624148610,wallstreetbets,56739,10556906
1624148610,movies,25271,25316220
1624148610,askreddit,107792,32660624
1624148610,sports,5330,18843763
1624148625,superstonk,59449,461716
1624148625,gme,8813,314272
1624148625,wallstreetbets,56739,10556905
1624148625,movies,25271,25316220
1624148625,askreddit,107792,32660623
1624148625,sports,5330,18843764
1624148640,superstonk,59449,461716
1624148640,gme,8813,314272
1624148640,wallstreetbets,56739,10556905
1624148640,movies,25271,25316222
1624148640,askreddit,107792,32660623
1624148641,sports,5330,18843764
1624148655,superstonk,59449,461717
1624148655,gme,8813,314272
1624148655,wallstreetbets,56739,10556908
1624148655,movies,25271,25316221
1624148655,askreddit,107792,32660628
1624148655,sports,5330,18843764
1624148670,superstonk,59449,461716
1624148670,gme,8813,314272
1624148670,wallstreetbets,56739,10556909
1624148670,movies,25271,25316223
1624148670,askreddit,107792,32660633
1624148670,sports,5330,18843766
1624148685,superstonk,59449,461717
1624148685,gme,8813,314272
1624148685,wallstreetbets,56739,10556909
1624148685,movies,25271,25316223
1624148685,askreddit,107792,32660634
1624148685,sports,5330,18843767
1624148700,superstonk,59449,461717
1624148700,gme,8813,314272
1624148700,wallstreetbets,56739,10556909
1624148700,movies,25271,25316224
1624148700,askreddit,107792,32660640
1624148700,sports,5330,18843767
1624148715,superstonk,59449,461718
1624148715,gme,8813,314272
1624148715,wallstreetbets,56739,10556909
1624148715,movies,25271,25316225
1624148715,askreddit,107792,32660641
1624148715,sports,5330,18843766
1624148730,superstonk,59449,461717
1624148730,gme,8813,314272
1624148730,wallstreetbets,56739,10556912
1624148730,movies,25271,25316229
1624148730,askreddit,107792,32660642
1624148730,sports,5330,18843766
1624148745,superstonk,59449,461718
1624148745,gme,8813,314272
1624148745,wallstreetbets,56739,10556915
1624148745,movies,25271,25316229
1624148745,askreddit,107792,32660643
1624148745,sports,5330,18843768
1624148760,superstonk,59449,461718
1624148760,gme,8813,314272
1624148760,wallstreetbets,56739,10556915
1624148760,movies,25271,25316230
1624148760,askreddit,107792,32660643
1624148760,sports,5330,18843766
1624148775,superstonk,59449,461719
1624148775,gme,8813,314272
1624148775,wallstreetbets,56739,10556918
1624148775,movies,25271,25316230
1624148775,askreddit,107792,32660645
1624148776,sports,5330,18843766
1624148790,superstonk,59449,461719
1624148790,gme,8813,314272
1624148790,wallstreetbets,56739,10556918
1624148790,movies,25271,25316230
1624148790,askreddit,107792,32660648
1624148790,sports,5330,18843765
1624148805,superstonk,59449,461720
1624148805,gme,8813,314272
1624148805,wallstreetbets,56739,10556919
1624148805,movies,25271,25316230
1624148805,askreddit,107792,32660648
1624148805,sports,5330,18843765
1624148820,superstonk,59449,461720
1624148820,gme,8813,314272
1624148820,wallstreetbets,56739,10556920
1624148820,movies,25271,25316230
1624148820,askreddit,107792,32660648
1624148821,sports,5330,18843766
1624148835,superstonk,59449,461720
1624148835,gme,8813,314272
1624148835,wallstreetbets,56739,10556921
1624148835,movies,25271,25316230
1624148835,askreddit,107792,32660650
1624148835,sports,5330,18843766
1624148850,superstonk,59449,461721
1624148850,gme,8813,314272
1624148850,wallstreetbets,56739,10556925
1624148850,movies,25271,25316232
1624148850,askreddit,107792,32660655
1624148850,sports,5330,18843766
1624148865,superstonk,59449,461722
1624148865,gme,8813,314272
1624148865,wallstreetbets,56739,10556927
1624148865,movies,25271,25316233
1624148865,askreddit,107792,32660656
1624148866,sports,5330,18843765
1624148880,superstonk,59449,461722
1624148880,gme,8813,314272
1624148880,wallstreetbets,56739,10556927
1624148880,movies,25271,25316233
1624148880,askreddit,107792,32660657
1624148880,sports,5330,18843765
1624148895,superstonk,59449,461722
1624148895,gme,8813,314272
1624148895,wallstreetbets,56739,10556928
1624148895,movies,25271,25316234
1624148895,askreddit,107792,32660659
1624148895,sports,5330,18843765
1624148910,superstonk,59449,461726
1624148910,gme,9065,314272
1624148910,wallstreetbets,56739,10556930
1624148910,movies,25271,25316235
1624148910,askreddit,107792,32660658
1624148910,sports,5330,18843764
1624148925,superstonk,59449,461726
1624148925,gme,9065,314273
1624148925,wallstreetbets,56739,10556932
1624148925,movies,25271,25316237
1624148925,askreddit,107792,32660660
1624148925,sports,5330,18843766
1624148940,superstonk,59449,461728
1624148940,gme,9065,314273
1624148940,wallstreetbets,56739,10556933
1624148940,movies,25271,25316239
1624148940,askreddit,107792,32660666
1624148940,sports,5330,18843766
1624148955,superstonk,59449,461728
1624148955,gme,9065,314273
1624148955,wallstreetbets,56739,10556932
1624148955,movies,25827,25316242
1624148955,askreddit,107792,32660666
1624148955,sports,5330,18843766
1624148970,superstonk,59449,461727
1624148970,gme,9065,314273
1624148970,wallstreetbets,56739,10556932
1624148970,movies,25827,25316241
1624148970,askreddit,107792,32660669
1624148970,sports,5330,18843766
1624148985,superstonk,59449,461727
1624148985,gme,9065,314273
1624148985,wallstreetbets,56739,10556932
1624148985,movies,25827,25316243
1624148985,askreddit,107792,32660670
1624148985,sports,5330,18843766
1624149000,superstonk,59449,461728
1624149000,gme,9065,314273
1624149000,wallstreetbets,56739,10556932
1624149000,movies,25827,25316243
1624149000,askreddit,107792,32660670
1624149000,sports,5330,18843766
1624149015,superstonk,59449,461727
1624149015,gme,9065,314273
1624149015,wallstreetbets,56739,10556932
1624149016,movies,25827,25316244
1624149016,askreddit,107792,32660671
1624149016,sports,5330,18843766
1624149030,superstonk,59449,461728
1624149030,gme,9065,314273
1624149030,wallstreetbets,56739,10556932
1624149030,movies,25827,25316244
1624149030,askreddit,107792,32660677
1624149030,sports,5330,18843766
1624149045,superstonk,59449,461728
1624149045,gme,9065,314273
1624149045,wallstreetbets,56739,10556932
1624149045,movies,25827,25316245
1624149046,askreddit,107792,32660679
1624149046,sports,5330,18843768
1624149060,superstonk,59449,461730
1624149060,gme,9065,314272
1624149060,wallstreetbets,56739,10556933
1624149060,movies,25827,25316246
1624149060,askreddit,107792,32660678
1624149060,sports,5330,18843769
1624149075,superstonk,59449,461730
1624149075,gme,9065,314273
1624149075,wallstreetbets,56739,10556930
1624149075,movies,25827,25316247
1624149075,askreddit,107792,32660682
1624149075,sports,5330,18843769
1624149090,superstonk,59449,461730
1624149090,gme,9065,314272
1624149090,wallstreetbets,56739,10556930
1624149090,movies,25827,25316247
1624149090,askreddit,107792,32660685
1624149090,sports,5330,18843770
1624149105,superstonk,59449,461731
1624149105,gme,9065,314272
1624149105,wallstreetbets,56739,10556930
1624149105,movies,25827,25316247
1624149105,askreddit,107792,32660683
1624149105,sports,5330,18843770
1624149120,superstonk,59449,461731
1624149120,gme,9065,314272
1624149120,wallstreetbets,56739,10556933
1624149120,movies,25827,25316246
1624149120,askreddit,107792,32660682
1624149120,sports,5330,18843770
1624149135,superstonk,59449,461731
1624149135,gme,9065,314272
1624149135,wallstreetbets,56739,10556933
1624149135,movies,25827,25316246
1624149135,askreddit,107792,32660682
1624149135,sports,5330,18843771
1624149150,superstonk,59449,461731
1624149150,gme,9065,314272
1624149150,wallstreetbets,56739,10556932
1624149150,movies,25827,25316246
1624149150,askreddit,107792,32660683
1624149150,sports,5330,18843770
1624149165,superstonk,59449,461731
1624149165,gme,9065,314272
1624149165,wallstreetbets,56739,10556932
1624149165,movies,25827,25316246
1624149165,askreddit,107792,32660683
1624149165,sports,5330,18843770
1624149180,superstonk,59449,461730
1624149180,gme,9065,314273
1624149180,wallstreetbets,56739,10556932
1624149180,movies,25827,25316250
1624149181,askreddit,107792,32660682
1624149181,sports,5330,18843771
1624149195,superstonk,59449,461730
1624149195,gme,9065,314273
1624149195,wallstreetbets,56739,10556932
1624149196,movies,25827,25316249
1624149196,askreddit,107792,32660690
1624149196,sports,5330,18843771
1624149210,superstonk,59449,461731
1624149210,gme,9065,314273
1624149210,wallstreetbets,56739,10556939
1624149210,movies,25827,25316249
1624149210,askreddit,107792,32660690
1624149210,sports,5330,18843769
1624149225,superstonk,59449,461732
1624149225,gme,9065,314273
1624149225,wallstreetbets,56739,10556939
1624149225,movies,25827,25316250
1624149225,askreddit,107792,32660693
1624149225,sports,5330,18843769
1624149240,superstonk,59449,461731
1624149240,gme,9065,314273
1624149240,wallstreetbets,56739,10556938
1624149240,movies,25827,25316250
1624149240,askreddit,107792,32660692
1624149240,sports,5330,18843771
1624149255,superstonk,59449,461735
1624149255,gme,9065,314273
1624149255,wallstreetbets,56739,10556941
1624149255,movies,25827,25316252
1624149255,askreddit,107792,32660693
1624149255,sports,5330,18843771
1624149270,superstonk,59449,461736
1624149270,gme,9065,314273
1624149270,wallstreetbets,56739,10556941
1624149270,movies,25827,25316252
1624149270,askreddit,107792,32660693
1624149270,sports,5330,18843771
1624149285,superstonk,59449,461736
1624149285,gme,9065,314273
1624149285,wallstreetbets,56739,10556944
1624149285,movies,25827,25316253
1624149285,askreddit,107792,32660695
1624149285,sports,5330,18843771
1624149300,superstonk,59449,461736
1624149300,gme,9065,314274
1624149300,wallstreetbets,56739,10556945
1624149300,movies,25827,25316253
1624149300,askreddit,107792,32660696
1624149300,sports,5330,18843773
1624149315,superstonk,59449,461736
1624149315,gme,9065,314274
1624149315,wallstreetbets,56739,10556945
1624149315,movies,25827,25316253
1624149315,askreddit,107792,32660700
1624149315,sports,5330,18843772
1624149330,superstonk,59449,461736
1624149330,gme,9065,314274
1624149330,wallstreetbets,56739,10556945
1624149330,movies,25827,25316254
1624149330,askreddit,107792,32660707
1624149330,sports,5330,18843773
1624149345,superstonk,59449,461739
1624149345,gme,9065,314274
1624149345,wallstreetbets,56739,10556945
1624149345,movies,25827,25316253
1624149345,askreddit,107792,32660708
1624149345,sports,5330,18843774
1624149360,superstonk,59449,461738
1624149360,gme,9065,314274
1624149360,wallstreetbets,56739,10556944
1624149360,movies,25827,25316253
1624149360,askreddit,107792,32660709
1624149360,sports,5330,18843775
1624149375,superstonk,59449,461739
1624149375,gme,9065,314274
1624149375,wallstreetbets,56739,10556944
1624149375,movies,25827,25316254
1624149375,askreddit,107792,32660709
1624149375,sports,5330,18843775
1624149390,superstonk,59449,461739
1624149390,gme,9065,314274
1624149390,wallstreetbets,56739,10556945
1624149390,movies,25827,25316254
1624149390,askreddit,107792,32660713
1624149390,sports,5330,18843777
1624149405,superstonk,59449,461742
1624149405,gme,9065,314274
1624149405,wallstreetbets,56739,10556950
1624149405,movies,25827,25316252
1624149405,askreddit,107792,32660713
1624149405,sports,5330,18843777
1624149420,superstonk,59449,461742
1624149420,gme,9065,314275
1624149420,wallstreetbets,56739,10556950
1624149420,movies,25827,25316251
1624149420,askreddit,107792,32660713
1624149421,sports,5330,18843777
1624149435,superstonk,59449,461743
1624149435,gme,9065,314275
1624149435,wallstreetbets,56739,10556951
1624149435,movies,23291,25316253
1624149435,askreddit,107792,32660716
1624149435,sports,5330,18843778
1624149450,superstonk,59449,461743
1624149450,gme,9065,314275
1624149450,wallstreetbets,56739,10556953
1624149450,movies,23291,25316255
1624149450,askreddit,107792,32660719
1624149450,sports,5330,18843777
1624149465,superstonk,59449,461745
1624149465,gme,9065,314275
1624149465,wallstreetbets,56739,10556955
1624149465,movies,23291,25316255
1624149465,askreddit,107792,32660722
1624149465,sports,5330,18843779
1624149480,superstonk,59449,461745
1624149480,gme,9065,314275
1624149480,wallstreetbets,56739,10556955
1624149480,movies,23291,25316255
1624149480,askreddit,107792,32660726
1624149480,sports,5330,18843779
1624149495,superstonk,59449,461745
1624149495,gme,9065,314275
1624149495,wallstreetbets,56739,10556957
1624149495,movies,23291,25316255
1624149495,askreddit,107792,32660732
1624149495,sports,5330,18843779
1624149510,superstonk,59449,461745
1624149510,gme,9065,314275
1624149510,wallstreetbets,56739,10556959
1624149510,movies,23291,25316259
1624149510,askreddit,107792,32660733
1624149510,sports,5330,18843779
1624149525,superstonk,59449,461745
1624149525,gme,9065,314275
1624149525,wallstreetbets,56739,10556960
1624149525,movies,23291,25316260
1624149525,askreddit,107792,32660733
1624149526,sports,5330,18843779
1624149540,superstonk,59449,461745
1624149540,gme,9065,314277
1624149540,wallstreetbets,56739,10556960
1624149540,movies,23291,25316260
1624149540,askreddit,107792,32660733
1624149540,sports,5330,18843779
1624149555,superstonk,59449,461745
1624149555,gme,9065,314277
1624149555,wallstreetbets,56739,10556963
1624149555,movies,23291,25316262
1624149555,askreddit,107792,32660733
1624149555,sports,5330,18843779
1624149570,superstonk,59449,461747
1624149570,gme,9065,314277
1624149570,wallstreetbets,56739,10556966
1624149570,movies,23291,25316262
1624149570,askreddit,107792,32660738
1624149570,sports,5330,18843782
1624149585,superstonk,59449,461748
1624149585,gme,9065,314277
1624149585,wallstreetbets,56739,10556966
1624149585,movies,23291,25316263
1624149585,askreddit,107792,32660736
1624149585,sports,5330,18843782
1624149600,superstonk,59449,461747
1624149600,gme,9065,314277
1624149600,wallstreetbets,56739,10556966
1624149600,movies,23291,25316265
1624149600,askreddit,107792,32660741
1624149600,sports,5330,18843782
1624149615,superstonk,59449,461748
1624149615,gme,9065,314277
1624149615,wallstreetbets,56739,10556965
1624149615,movies,23291,25316264
1624149615,askreddit,107792,32660741
1624149615,sports,5330,18843782
1624149630,superstonk,59449,461748
1624149630,gme,9065,314277
1624149630,wallstreetbets,56739,10556965
1624149630,movies,23291,25316265
1624149630,askreddit,107792,32660741
1624149631,sports,5330,18843784
1624149645,superstonk,59449,461748
1624149645,gme,9065,314277
1624149645,wallstreetbets,56739,10556966
1624149645,movies,23291,25316265
1624149645,askreddit,107792,32660745
1624149645,sports,5330,18843784
1624149660,superstonk,59449,461748
1624149660,gme,9065,314277
1624149660,wallstreetbets,56739,10556966
1624149660,movies,23291,25316267
1624149660,askreddit,107792,32660744
1624149660,sports,5330,18843785
1624149675,superstonk,59449,461748
1624149675,gme,9065,314277
1624149675,wallstreetbets,56739,10556966
1624149675,movies,23291,25316267
1624149675,askreddit,107792,32660747
1624149675,sports,5330,18843786
1624149690,superstonk,59449,461748
1624149690,gme,9065,314276
1624149690,wallstreetbets,56739,10556967
1624149690,movies,23291,25316266
1624149690,askreddit,107792,32660750
1624149690,sports,5330,18843786
1624149705,superstonk,59449,461749
1624149705,gme,9065,314276
1624149705,wallstreetbets,56739,10556968
1624149705,movies,23291,25316266
1624149705,askreddit,107792,32660756
1624149705,sports,5330,18843786
1624149720,superstonk,59449,461749
1624149720,gme,9065,314276
1624149720,wallstreetbets,53301,10556968
1624149720,movies,23291,25316267
1624149720,askreddit,107792,32660756
1624149720,sports,5330,18843786
1624149735,superstonk,59449,461749
1624149735,gme,9065,314276
1624149735,wallstreetbets,53301,10556972
1624149735,movies,23291,25316267
1624149735,askreddit,107792,32660760
1624149735,sports,5330,18843786
1624149750,superstonk,59449,461750
1624149750,gme,9065,314276
1624149750,wallstreetbets,53301,10556972
1624149750,movies,23291,25316271
1624149750,askreddit,107792,32660762
1624149750,sports,5330,18843786
1624149765,superstonk,59449,461751
1624149765,gme,9065,314276
1624149765,wallstreetbets,53301,10556973
1624149765,movies,23291,25316275
1624149765,askreddit,107792,32660767
1624149765,sports,5330,18843788
1624149780,superstonk,59449,461752
1624149780,gme,9065,314276
1624149780,wallstreetbets,53301,10556973
1624149780,movies,23291,25316275
1624149780,askreddit,107792,32660767
1624149780,sports,5330,18843788
1624149795,superstonk,59449,461751
1624149795,gme,9065,314276
1624149795,wallstreetbets,53301,10556973
1624149795,movies,23291,25316278
1624149795,askreddit,107792,32660768
1624149795,sports,5330,18843789
1624149810,superstonk,59449,461751
1624149810,gme,9065,314276
1624149810,wallstreetbets,53301,10556973
1624149810,movies,23291,25316278
1624149810,askreddit,107792,32660769
1624149810,sports,5330,18843789
1624149825,superstonk,59449,461752
1624149825,gme,9065,314276
1624149825,wallstreetbets,53301,10556973
1624149825,movies,23291,25316278
1624149825,askreddit,107792,32660770
1624149825,sports,5330,18843789
1624149840,superstonk,59449,461754
1624149840,gme,9065,314276
1624149840,wallstreetbets,53301,10556972
1624149840,movies,23291,25316278
1624149840,askreddit,107792,32660777
1624149840,sports,5330,18843791
1624149855,superstonk,59449,461754
1624149855,gme,9065,314276
1624149855,wallstreetbets,53301,10556972
1624149855,movies,23291,25316279
1624149855,askreddit,107792,32660776
1624149855,sports,5330,18843791
1624149870,superstonk,59449,461754
1624149870,gme,9065,314276
1624149870,wallstreetbets,53301,10556973
1624149870,movies,23291,25316279
1624149870,askreddit,107792,32660776
1624149870,sports,5330,18843790
1624149885,superstonk,59449,461755
1624149885,gme,9065,314277
1624149885,wallstreetbets,53301,10556973
1624149885,movies,23291,25316281
1624149885,askreddit,107792,32660777
1624149885,sports,5330,18843790
1624149900,superstonk,59449,461755
1624149900,gme,9065,314277
1624149900,wallstreetbets,53301,10556973
1624149900,movies,23291,25316281
1624149900,askreddit,107792,32660777
1624149900,sports,5330,18843790
1624149915,superstonk,59449,461755
1624149915,gme,9065,314277
1624149915,wallstreetbets,53301,10556974
1624149915,movies,23291,25316281
1624149915,askreddit,107792,32660783
1624149916,sports,5330,18843790
1624149930,superstonk,59449,461755
1624149930,gme,9065,314277
1624149930,wallstreetbets,53301,10556977
1624149930,movies,23291,25316281
1624149930,askreddit,107792,32660784
1624149930,sports,5330,18843790
1624149945,superstonk,59449,461754
1624149945,gme,9065,314277
1624149945,wallstreetbets,53301,10556978
1624149945,movies,22495,25316281
1624149945,askreddit,107792,32660787
1624149945,sports,5330,18843790
1624149960,superstonk,59449,461754
1624149960,gme,9065,314277
1624149960,wallstreetbets,53301,10556978
1624149960,movies,22495,25316281
1624149960,askreddit,107792,32660784
1624149960,sports,5330,18843790
1624149975,superstonk,59449,461754
1624149975,gme,9065,314277
1624149975,wallstreetbets,53301,10556979
1624149975,movies,22495,25316281
1624149975,askreddit,107792,32660789
1624149975,sports,5330,18843791
1624149990,superstonk,59449,461754
1624149990,gme,9065,314277
1624149990,wallstreetbets,53301,10556982
1624149990,movies,22495,25316281
1624149990,askreddit,107792,32660789
1624149991,sports,5330,18843790
1624150005,superstonk,59449,461754
1624150005,gme,9065,314277
1624150005,wallstreetbets,53301,10556981
1624150005,movies,22495,25316281
1624150005,askreddit,107792,32660789
1624150005,sports,5330,18843790
1624150020,superstonk,59449,461754
1624150020,gme,9065,314277
1624150020,wallstreetbets,53301,10556982
1624150020,movies,22495,25316280
1624150020,askreddit,107792,32660793
1624150020,sports,5330,18843792
1624150035,superstonk,59449,461754
1624150035,gme,9065,314277
1624150035,wallstreetbets,53740,10556981
1624150035,movies,22495,25316282
1624150035,askreddit,107792,32660794
1624150036,sports,5330,18843793
1624150050,superstonk,59449,461754
1624150050,gme,9065,314277
1624150050,wallstreetbets,53740,10556980
1624150050,movies,22495,25316282
1624150050,askreddit,107792,32660797
1624150050,sports,5330,18843793
1624150065,superstonk,59449,461754
1624150065,gme,9065,314277
1624150065,wallstreetbets,53740,10556980
1624150065,movies,22495,25316283
1624150065,askreddit,107792,32660801
1624150065,sports,5330,18843793
1624150080,superstonk,59449,461757
1624150080,gme,9065,314277
1624150080,wallstreetbets,53740,10556985
1624150080,movies,22495,25316283
1624150080,askreddit,110559,32660804
1624150080,sports,5330,18843792
1624150095,superstonk,59449,461757
1624150095,gme,9065,314277
1624150095,wallstreetbets,53740,10556987
1624150095,movies,22495,25316286
1624150095,askreddit,110559,32660804
1624150095,sports,5330,18843792
1624150110,superstonk,59449,461757
1624150110,gme,9065,314277
1624150110,wallstreetbets,53740,10556987
1624150110,movies,22495,25316286
1624150110,askreddit,110559,32660807
1624150110,sports,5330,18843792
1624150125,superstonk,59449,461759
1624150125,gme,9065,314277
1624150125,wallstreetbets,53740,10556990
1624150125,movies,22495,25316288
1624150125,askreddit,110559,32660810
1624150125,sports,5330,18843791
1624150140,superstonk,59449,461758
1624150140,gme,9065,314277
1624150140,wallstreetbets,53740,10556991
1624150140,movies,22495,25316291
1624150140,askreddit,110559,32660810
1624150140,sports,5330,18843791
1624150155,superstonk,59449,461759
1624150155,gme,9065,314277
1624150155,wallstreetbets,53740,10556991
1624150155,movies,22495,25316291
1624150155,askreddit,110559,32660815
1624150156,sports,5330,18843791
1624150170,superstonk,59449,461760
1624150170,gme,9065,314277
1624150170,wallstreetbets,53740,10556993
1624150170,movies,22495,25316291
1624150170,askreddit,110559,32660815
1624150170,sports,5330,18843792
1624150185,superstonk,59449,461760
1624150185,gme,9065,314277
1624150185,wallstreetbets,52214,10556993
1624150185,movies,22495,25316294
1624150185,askreddit,110559,32660817
1624150185,sports,5330,18843793
1624150200,superstonk,59449,461760
1624150200,gme,9065,314277
1624150200,wallstreetbets,52214,10556993
1624150200,movies,22495,25316294
1624150200,askreddit,110559,32660817
1624150200,sports,5330,18843793
